variable,dataset,var_type,n_bins,n_merges,passes,n_fail_bins,categories
RUCC_2023,county,ordinal,9,0,True,0,1 | 2 | 3 | 4 | 5 | 6 | 7 | 8 | 9
OBESITY,county,continuous,6,0,True,0,"[-Inf,31.5) | [31.5,35) | [35,38.2) | [38.2,40.8) | [40.8,42.9) | [42.9,Inf]"
BPHIGH,county,continuous,6,0,True,0,"[-Inf,30.8) | [30.8,34) | [34,37.3) | [37.3,41.2) | [41.2,44.83) | [44.83,Inf]"
HIGHCHOL,county,continuous,6,0,True,0,"[-Inf,32.6) | [32.6,34.9) | [34.9,36.9) | [36.9,39.1) | [39.1,40.8) | [40.8,Inf]"
ISOLATION,county,continuous,6,0,True,0,"[-Inf,29.5) | [29.5,30.9) | [30.9,32.8) | [32.8,34.7) | [34.7,36.4) | [36.4,Inf]"
STROKE,county,continuous,6,0,True,0,"[-Inf,3.14) | [3.14,3.6) | [3.6,4.2) | [4.2,4.8) | [4.8,5.5) | [5.5,Inf]"
COPD,county,continuous,6,0,True,0,"[-Inf,6.2) | [6.2,7.4) | [7.4,8.8) | [8.8,10.5) | [10.5,12.1) | [12.1,Inf]"
CASTHMA,county,continuous,6,0,True,0,"[-Inf,9.5) | [9.5,10.1) | [10.1,10.7) | [10.7,11.3) | [11.3,11.9) | [11.9,Inf]"
median_income,county,continuous,6,0,True,0,"[-Inf,46875) | [46875,55832) | [55832,65346) | [65346,75598) | [75598,89168) | [89168,Inf]"
HI_coverage,county,continuous,6,0,True,0,"[-Inf,83.266) | [83.266,87.564) | [87.564,91.543) | [91.543,94.085) | [94.085,95.512) | [95.512,Inf]"
no_HS_rate,county,continuous,6,0,True,0,"[-Inf,5.2539) | [5.2539,7.1173) | [7.1173,9.9169) | [9.9169,14.114) | [14.114,18.504) | [18.504,Inf]"
UE_rate,county,continuous,6,0,True,0,"[-Inf,2.1633) | [2.1633,3.2262) | [3.2262,4.4523) | [4.4523,5.8007) | [5.8007,7.6426) | [7.6426,Inf]"
PrimaryRUCA,zip,ordinal,10,0,True,0,1 | 2 | 3 | 4 | 5 | 6 | 7 | 8 | 9 | 10
RPL_THEME1,zip,continuous,6,0,True,0,"[-Inf,10) | [10,25) | [25,50) | [50,75) | [75,90) | [90,Inf]"
RPL_THEME2,zip,continuous,6,0,True,0,"[-Inf,10) | [10,25) | [25,49.995) | [49.995,74.992) | [74.992,90) | [90,Inf]"
RPL_THEME3,zip,continuous,6,0,True,0,"[-Inf,9.77) | [9.77,24.64) | [24.64,49.85) | [49.85,74.94) | [74.94,89.97) | [89.97,Inf]"
RPL_THEME4,zip,continuous,6,0,True,0,"[-Inf,9.99) | [9.99,24.997) | [24.997,50) | [50,75) | [75,90) | [90,Inf]"
RPL_THEMES,zip,continuous,6,0,True,0,"[-Inf,10) | [10,25) | [25,50) | [50,75) | [75,90) | [90,Inf]"
near_walmart,zip,binary,2,0,True,0,0 | 1
